USE ftc353_1;

INSERT INTO postal_codes (postal_code, city, province) VALUES
('K7C7Q3','New Davidmouth','MB'),
('M6H4E6','Gilbertshire','BC'),
('G8Y6W6','West Jessica','QC'),
('R6J8L6','North Christopherville','MB'),
('R5A7N6','East Gregory','AB'),
('L7P1J1','Garciatown','ON'),
('G1M5F3','Lake Ricky','ON'),
('N7B2H4','Sandraland','AB'),
('G6F1M7','Michelleton','QC'),
('T8V9V5','Port Karen','MB'),
('E8Q4V8','East Shirleyport','AB'),
('N7G2K3','South Brianburgh','ON'),
('A2Y7J9','Cookfurt','QC'),
('N2Z6Z9','South Haleyshire','BC'),
('M8Q2O1','South Caitlinberg','AB'),
('G6E7Q7','North Kevinton','ON'),
('X8R1S3','Stevenview','QC'),
('S8U9T3','Port Richard','ON'),
('H6F2P1','West Matthew','ON'),
('J1B3U9','Elizabethburgh','AB'),
('E6V3M6','Karenburgh','MB'),
('A3T3U4','West Amber','ON'),
('Y4D9Z3','Michaelview','ON'),
('Y7M6F2','Lake Tammyfurt','QC'),
('H7B3G9','Eugeneside','ON'),
('J2R3W3','West Kevin','MB'),
('L8C2I9','Port Marcmouth','MB'),
('A3I3O3','South Nancy','AB'),
('S2U9S6','Johnsonburgh','ON'),
('J2T1F6','Gregoryville','MB'),
('J2I8P8','North Kyliechester','ON'),
('L9N6H3','New Danielberg','MB'),
('A7R8W1','Jonesshire','QC'),
('Y9L6H4','Nicholasview','QC'),
('P8I9L2','Hubbardland','AB'),
('X7S1C2','Ericaland','QC'),
('H5G6S3','Hernandezfurt','BC'),
('H8Y4O6','East Maryport','BC'),
('T4Y8X4','Port Darren','BC'),
('J1U5M2','Rivasville','QC'),
('E9Y2P7','Natalieton','AB'),
('R3P3A5','Reynoldsview','ON'),
('N7M2K3','Carpenterville','QC'),
('E3H8X1','Lake Michaelstad','AB'),
('S5J6V3','Williamsfort','MB'),
('V5D1W5','Port Shawnmouth','ON'),
('G7Z7F7','Watsonbury','AB'),
('Y7A5A3','Christinafort','MB'),
('K9S6X6','Nolanshire','MB'),
('E8Q7Y7','Karlaside','ON'),
('K8H1M6','Karenstad','QC'),
('R9K1X6','New Sherriside','AB'),
('J1O8A5','North Albertside','QC'),
('G3H2T3','North Kimberlyport','AB'),
('N5U9H4','Samanthaburgh','ON'),
('B2R5J2','Jacobbury','AB'),
('P2I7H9','Joshuamouth','QC'),
('T5T8J6','North Sharon','AB'),
('Y8P3M4','West Karen','ON'),
('Y8U3M7','Katiefort','MB'),
('E6W3O3','North Peterborough','ON'),
('S2K9U7','Millerside','MB'),
('M5V2T2','Toronto','ON'),
('V6B1Z1','Vancouver','BC'),
('H3B2Y1','Montreal','QC'),
('T2P1J9','Calgary','AB'),
('K1P5M2','Ottawa','ON'),
('T5J0R7','Edmonton','AB'),
('G1V2M2','Quebec City','QC'),
('R3B2B3','Winnipeg','MB'),
('L8P1A1','Hamilton','ON'),
('B3J2K9','Halifax','NS'),
('V8W1P6','Victoria','BC'),
('S4P3Y2','Regina','SK'),
('A1C5M3','St. Johns','NL'),
('C1A9N5','Charlottetown','PE'),
('Y1A6P8','Whitehorse','YT'),
('X1A3T2','Yellowknife','NT'),
('X0A1H0','Iqaluit','NU'),
('E3B5H1','Fredericton','NB'),
('E2L4Z5','Saint John','NB'),
('E1C1E8','Moncton','NB'),
('Y3V8T2','Nixonview','BC'),
('L3D2X3','Lisaland','MB'),
('A9M3V8','Simpsonport','MB'),
('G8M9D2','South Juliatown','MB'),
('P2N4B3','New Alan','QC'),
('B2B5A4','East Ryanhaven','MB'),
('T1Q7E7','Patriciamouth','QC'),
('L9Z4U8','Reedport','BC'),
('N7O7C1','Vaughnport','MB'),
('N6L5K4','Jacobville','ON'),
('H7Q5B3','Lake David','AB'),
('X8D1L3','Port Jennifer','MB'),
('M6A9G3','Amymouth','QC'),
('V4C5D5','Port Douglasbury','MB'),
('M8P2N3','Sarahport','ON'),
('L7B5R2','Wrightborough','BC'),
('B3C7W1','Port Dylanport','MB'),
('X3O5Z7','Santiagoton','BC'),
('T8B1G1','East Brianville','BC'),
('G5F3B7','Marilynville','ON'),
('A3T6K7','Davidberg','MB'),
('A8C1Q8','New Francestown','QC'),
('N1Q7I4','Jackmouth','BC'),
('S4J8J7','East Julia','QC'),
('T9D1I2','Staceymouth','MB'),
('M7J4O2','Stevensbury','MB'),
('R8X8G1','New Troyport','QC'),
('C6T2V9','Lake Eric','AB'),
('H6Q4E4','North Sabrina','AB'),
('J2C1Y3','Olsonchester','BC'),
('P2R8R7','Lake Jennifertown','ON'),
('K4K6X4','Lake Robert','BC'),
('C5I3B7','West William','BC'),
('R5N5A3','Oliviaton','BC'),
('R8J9R6','North Jasmineburgh','MB'),
('Y3P9Y5','Jillbury','BC'),
('C8N6H4','West Shawnville','MB'),
('M2I1M7','Ellisshire','ON'),
('P1A3N3','Robertsonville','QC'),
('M9C1T2','Davidsonberg','BC'),
('B5I7R4','Port Amandastad','AB'),
('H9M6A9','Saundersfort','MB'),
('P5L3C7','New Brandonbury','ON'),
('B7H6I1','Moralesborough','MB'),
('S7T4Q8','North Deborah','AB'),
('M5Y6C1','Jacksonview','MB'),
('M6M4D8','Dylanchester','MB'),
('X8N2G9','South Micheleview','MB'),
('R8B7L1','North Anne','QC'),
('L6I2A2','Mendozamouth','QC'),
('K6N4P6','East Kelly','BC'),
('P9I3I8','Justinside','QC'),
('J4L6I2','Mitchellchester','QC'),
('T1R1B3','Blackwellton','QC'),
('H7A2I4','Hoopermouth','QC'),
('B3V3I5','West Sharonchester','QC'),
('B1Y1J7','Lesliemouth','BC'),
('M8Q3Z4','Port Brent','AB');

INSERT INTO locations (location_id, is_head, name, address, postal_code, phone, web_address, max_capacity) VALUES
(1,1,'Terry Ltd','554 Destiny Bridge Suite 239','K7C7Q3','001-139-731-7720x302','http://www.hall-walsh.com/',328),
(2,0,'Lee, Curtis and Mccann','602 Mason Rest Apt. 920','M6H4E6','098-533-7052x58481','https://hunter.com/',398),
(3,0,'Sanders Inc','77780 Glenn Junction Suite 314','G8Y6W6','-6570','http://parker.com/',94),
(4,0,'Mills-Wilson','52161 Fisher Forge Suite 176','R6J8L6','716.784.5299','http://sutton.org/',129),
(5,0,'Reilly Ltd','907 Kristen Points Suite 230','R5A7N6','625-299-7283x631','http://www.smith-mcmahon.com/',237),
(6,0,'Mcintyre and Sons','3350 Lindsey Islands Apt. 851','L7P1J1','594.828.3066','http://morales-miller.com/',154),
(7,0,'Mitchell-Wilson','8002 Clark Ridge Suite 600','G1M5F3','473.327.6972x1879','https://jones.com/',258),
(8,0,'Williams Group','564 Phelps Mountains Apt. 824','N7B2H4','111-177-6234x48416','https://www.schmidt-williams.com/',373),
(9,0,'Hendricks-Powell','123 Marshall Loop Suite 151','G6F1M7','5226164473','https://george.com/',64),
(10,0,'Quinn-Powell','8041 Phillips Green','T8V9V5','360.013.6989x8336','http://booth.net/',67),
(11,0,'Reynolds-Kelly','8058 Eric Flat Apt. 205','E8Q4V8','604-649-7909','http://www.dorsey-griffith.com/',166),
(12,0,'Nguyen, Barr and Melendez','59125 Martin Crescent','N7G2K3','6404796881','http://gibson.info/',317),
(13,0,'Savage-Rivera','886 Noah Villages','A2Y7J9','725-333-5432','http://mullins-lewis.biz/',413),
(14,0,'Young, Williams and Davies','195 Berg Lights Apt. 118','N2Z6Z9','713.504.1956','http://perry.com/',152),
(15,0,'Thomas, Michael and Lee','740 Anthony Trace','M8Q2O1','(440)718-4946','https://chang.com/',288),
(16,0,'Nguyen-Alvarez','027 Moore Burgs','G6E7Q7','+1-635-637-1750x2546','https://thomas.info/',480),
(17,0,'Olson-Holt','5172 Ashley Overpass Apt. 365','X8R1S3','+1-759-915-5585x9815','https://www.morgan-brock.net/',72),
(18,0,'Riley, Wright and Weber','127 Brown Expressway','S8U9T3','+1-172-488-0158x8239','http://avila-fisher.com/',429),
(19,0,'Wright, Webb and Torres','17433 Greg Pike','H6F2P1','-8700','http://www.johnson.com/',244),
(20,0,'Martinez, Lee and Pierce','0916 Patrick Camp','J1B3U9','(078)052-9099x2761','http://greene.info/',357),
(21,0,'Evans PLC','8229 Matthew Park','E6V3M6','4449803543','https://hampton.org/',179),
(22,0,'Harper-Ashley','49038 Tucker Stream Apt. 293','A3T3U4','(514)389-8539x372','http://www.collins.org/',446),
(23,0,'Hoffman, Johnson and Ruiz','371 Diana Manors Apt. 281','Y4D9Z3','365-157-9145x896','http://www.rivera-fisher.org/',138),
(24,0,'Brown, Vasquez and Adams','46933 Patricia Mews Suite 023','Y7M6F2','709.623.8890x304','http://www.sharp.com/',247),
(25,0,'Daniels-Johnson','7344 Stephanie View Suite 327','H7B3G9','+1-379-427-8378x810','https://west.com/',354),
(26,0,'Lopez-Sanchez','5531 Melinda Field Suite 949','J2R3W3','315-100-1544','http://www.jacobson.net/',190),
(27,0,'Watkins-Robinson','3251 Alexander Haven','L8C2I9','324-677-3601','http://sanchez.com/',473),
(28,0,'Rogers Inc','52066 Dana Place Apt. 260','A3I3O3','093.708.9418','http://schmidt-henry.net/',484),
(29,0,'Johnson Group','081 Kramer Summit Apt. 300','S2U9S6','8793653104','http://rodriguez-sandoval.com/',361),
(30,0,'Williams, Ross and Obrien','3961 James Place Apt. 156','J2T1F6','3618371501','https://luna-bauer.com/',63);

INSERT INTO personnel (
    employee_id, first_name, last_name, date_of_birth, ssn, medicare_num, phone, address, postal_code, email, role, mandate, location_id
) VALUES
(1,'Brandon','Sullivan','1987-02-11','420-34-0533','GuQ71071','736.298.8065x2181','85099 Fields Parks','J2I8P8','torresjamie@yahoo.com','secretary','volunteer',28),
(2,'Rachel','Jones','1968-01-17','464-40-4924','ciD88906','524.118.7540x24420','2903 Butler Flat','L9N6H3','yorklaura@dominguez.com','captain','volunteer',17),
(3,'Amy','Jackson','1973-06-24','130-53-9219','bSv08612','(227)207-5851x5873','899 Andersen Street','A7R8W1','brittneybush@yahoo.com','captain','volunteer',10),
(4,'Janet','Wright','1996-08-25','743-39-3006','xrS70977','001-802-724-0487','507 Thornton Prairie Suite 142','Y9L6H4','cheyennejohnson@webb.com','other','volunteer',22),
(5,'Tina','Hickman','1962-07-17','301-48-5089','aTK11245','310.972.5497','08499 Vincent Locks','P8I9L2','jhicks@bush-lee.info','general manager','volunteer',20),
(6,'Jessica','Martinez','1964-11-13','603-31-2345','pGi28658','+1-125-780-6082x816','956 Huerta Squares Suite 356','X7S1C2','sjames@gmail.com','administrator','salaried',17),
(7,'Jessica','Price','1982-07-01','142-70-3944','atR59078','(124)367-2596','01517 Lynn Mountains Suite 150','H5G6S3','taylorjonathan@taylor.org','captain','volunteer',1),
(8,'Kimberly','Yang','1977-01-22','492-31-7801','chi92787','780-042-7218x6043','911 Brittany Curve Apt. 408','H8Y4O6','fordnathan@young-baker.com','administrator','salaried',19),
(9,'David','Mejia','1978-12-04','800-12-6094','noy87574','(761)153-4370','173 Laura Canyon Suite 595','T4Y8X4','kimberlyrobles@hotmail.com','administrator','salaried',7),
(10,'Carrie','Wells','1996-11-17','404-12-9230','sND35179','001-032-536-9725x514','4895 Green Corners','J1U5M2','chandevin@alvarado.net','other','salaried',22),
(11,'Denise','Greer','1968-08-04','494-39-7455','Fni71506','330.554.2077x31740','578 Torres Harbors','E9Y2P7','marilynrichardson@yahoo.com','assistant coach','salaried',6),
(12,'Ricky','Bolton','1986-12-17','003-97-3080','sOr13383','681.983.6464x4901','36986 Hernandez Canyon','R3P3A5','welchcarmen@drake.com','other','salaried',13),
(13,'Taylor','Cole','1970-09-24','167-51-9683','eHG40150','001-222-314-2041x654','539 Tina Spurs Apt. 899','N7M2K3','kristinschneider@hotmail.com','assistant coach','volunteer',2),
(14,'Ann','Clark','1994-09-07','805-58-3011','NzT17335','-4199','749 Laura Roads Suite 622','E3H8X1','pdavis@gmail.com','assistant coach','salaried',21),
(15,'Joseph','Robinson','1992-09-24','165-95-3151','EUy96737','417-649-5993x0301','11864 George Roads Suite 626','S5J6V3','ugoodwin@gmail.com','treasurer','volunteer',20),
(16,'Spencer','Turner','1995-12-24','094-65-5258','zXE39019','001-603-483-2652x700','734 Lori Forest Apt. 565','V5D1W5','ntaylor@merritt.com','deputy manager','salaried',28),
(17,'Tonya','Moreno','1980-10-02','685-34-1097','PsZ70544','1533618872','7764 Sparks Ramp Suite 172','G7Z7F7','jason42@gmail.com','other','volunteer',11),
(18,'Anthony','Wade','1967-06-09','427-24-7880','UuN29215','001-464-618-1988','1387 Waters Meadow Apt. 730','Y7A5A3','cardenasmichael@hotmail.com','coach','salaried',13),
(19,'Nicole','Maddox','1987-05-03','806-95-4853','iov76457','-3734','5092 Prince Plaza','K9S6X6','tanyajackson@silva.com','coach','salaried',1),
(20,'James','Rose','1967-01-09','254-27-7684','RWH05790','(181)448-2166x40483','3618 Robinson Fields','E8Q7Y7','bauerantonio@yahoo.com','other','salaried',17),
(21,'Stephanie','Daniel','1962-04-03','435-17-6064','Fze61980','127.261.7757','4931 Jessica Circle Apt. 973','K8H1M6','barbarabailey@hotmail.com','secretary','salaried',5),
(22,'Peggy','Moore','1972-03-30','619-44-3939','FWr40475','(462)733-0045x9083','682 Dodson Point','R9K1X6','ashleyreid@dickson.biz','secretary','volunteer',1),
(23,'Michael','Cruz','1993-01-10','473-91-7490','Cuf68485','531.454.1273','97920 Michelle Ferry','J1O8A5','dclark@yahoo.com','assistant coach','salaried',13),
(24,'Christine','Miller','1961-07-31','796-95-2105','PPO65667','433-133-5357','030 Rodriguez Ridge','G3H2T3','stevencooper@gmail.com','other','volunteer',22),
(25,'Anne','Rowe','1962-08-04','890-08-7890','MER71201','(583)617-9650x11489','61414 Williams Track Suite 491','N5U9H4','crystallester@hayes.com','assistant coach','volunteer',14),
(26,'Tammy','Poole','1974-04-21','357-64-4770','RcY00136','0911514213','175 Fuller Extension Apt. 483','B2R5J2','santosjanice@dickerson.biz','secretary','salaried',14),
(27,'Kara','Hall','1961-09-23','604-81-5836','VOt39382','(211)110-5075x9913','81675 Wu Parkways','P2I7H9','denise02@johnson.com','other','salaried',10),
(28,'Tracy','Nguyen','1990-05-14','531-95-1710','ZOM61090','(118)476-9052','28109 Mills Extension Suite 497','T5T8J6','mtaylor@petty.com','captain','salaried',12),
(29,'Wayne','Byrd','1982-04-17','845-16-6040','lut16015','588-772-5372','80862 Tyler Overpass Apt. 765','Y8P3M4','jacksonmark@gmail.com','coach','volunteer',12),
(30,'Anthony','Gardner','1991-12-16','881-90-6823','Yad14330','(436)965-6378','7116 Cynthia Villages','Y8U3M7','ashley38@edwards-robles.org','administrator','salaried',26),
(31,'Susan','Williams','2000-05-08','425-39-5287','XON24882','(295)394-7962x3666','096 Brian Via','E6W3O3','susan_williams@gmail.com','secretary','salaried',24),
(32,'Sherry','Reyes','2006-04-04','513-78-2950','Wad57403','356-222-7637','012 Mcdaniel Bypass','S2K9U7','sherry_reyes@gmail.com','coach','salaried',28),
(33,'Michael','Johnson','1980-05-15','501-22-3344','MJX50122','555-101-2020','123 Court Street','M5V2T2','m.johnson@hoops.com','coach','salaried',1),
(34,'Sarah','Williams','1975-08-22','502-33-4455','SWX50233','555-202-3030','456 Arena Road','V6B1Z1','s.williams@hoops.com','coach','salaried',2),
(35,'David','Brown','1982-11-30','503-44-5566','DBX50344','555-303-4040','789 Basket Lane','H3B2Y1','d.brown@hoops.com','coach','volunteer',3),
(36,'Jennifer','Davis','1978-03-18','504-55-6677','JDX50455','555-404-5050','321 Hoop Circle','T2P1J9','j.davis@hoops.com','coach','salaried',4),
(37,'Robert','Miller','1973-07-25','505-66-7788','RMX50566','555-505-6060','654 Backboard Ave','K1P5M2','r.miller@hoops.com','coach','volunteer',5),
(38,'Lisa','Wilson','1985-01-12','506-77-8899','LWX50677','555-606-7070','987 Dribble Blvd','T5J0R7','l.wilson@hoops.com','coach','salaried',6),
(39,'James','Moore','1976-09-08','507-88-9900','JMX50788','555-707-8080','234 Rebound Road','G1V2M2','j.moore@hoops.com','coach','volunteer',7),
(40,'Patricia','Taylor','1981-12-05','508-99-0011','PTX50899','555-808-9090','567 Fastbreak St','R3B2B3','p.taylor@hoops.com','coach','salaried',8),
(41,'Thomas','Anderson','1979-04-19','509-00-1122','TAX50900','555-909-0101','890 Jump Shot Way','L8P1A1','t.anderson@hoops.com','coach','volunteer',9),
(42,'Elizabeth','Thomas','1974-06-27','510-11-2233','ETX51011','555-010-1212','123 Block Drive','B3J2K9','e.thomas@hoops.com','coach','salaried',10),
(43,'Charles','Jackson','1983-02-14','511-22-3344','CJX51122','555-121-2323','456 Alley-oop Ave','V8W1P6','c.jackson@hoops.com','coach','volunteer',11),
(44,'Margaret','White','1977-10-31','512-33-4455','MWX51233','555-232-3434','789 Pick Roll Rd','S4P3Y2','m.white@hoops.com','coach','salaried',12),
(45,'Daniel','Harris','1980-08-09','513-44-5566','DHX51344','555-343-4545','321 Full Court St','A1C5M3','d.harris@hoops.com','coach','volunteer',13),
(46,'Susan','Martin','1975-05-21','514-55-6677','SMX51455','555-454-5656','654 Zone Press Ave','C1A9N5','s.martin@hoops.com','coach','salaried',14),
(47,'Paul','Garcia','1984-07-03','515-66-7788','PGX51566','555-565-6767','987 Timeout Blvd','Y1A6P8','p.garcia@hoops.com','coach','volunteer',15),
(48,'Karen','Martinez','1979-11-17','516-77-8899','KMX51677','555-676-7878','234 Buzzerbeater Rd','X1A3T2','k.martinez@hoops.com','coach','salaried',16),
(49,'Mark','Robinson','1972-09-28','517-88-9900','MRX51788','555-787-8989','567 Free Throw St','X0A1H0','m.robinson@hoops.com','coach','volunteer',17),
(50,'Nancy','Clark','1986-04-12','518-99-0011','NCX51899','555-898-9090','890 Three-pointer Way','E3B5H1','n.clark@hoops.com','coach','salaried',18),
(51,'Steven','Rodriguez','1981-01-23','519-00-1122','SRX51900','555-909-0101','123 Slam Dunk Dr','E2L4Z5','s.rodriguez@hoops.com','coach','volunteer',19),
(52,'Donna','Lewis','1978-12-07','520-11-2233','DLX52011','555-010-1212','456 Fast Break Ave','E1C1E8','d.lewis@hoops.com','coach','salaried',20),
(53,'Gregory','Thompson','1983-09-14','521-22-3344','GTX52122','555-111-2222','101 Rim Drive','E6V3M6','g.thompson@hoops.com','coach','salaried',21),
(54,'Amanda','Walker','1979-12-25','522-33-4455','AWX52233','555-222-3333','202 Backboard Blvd','A3T3U4','a.walker@hoops.com','coach','volunteer',22),
(55,'Kevin','Allen','1981-07-07','523-44-5566','KAX52344','555-333-4444','303 Swish Street','Y4D9Z3','k.allen@hoops.com','coach','salaried',23),
(56,'Rachel','Young','1976-04-18','524-55-6677','RYX52455','555-444-5555','404 Dunk Avenue','Y7M6F2','r.young@hoops.com','coach','volunteer',24),
(57,'Brian','King','1985-01-29','525-66-7788','BKX52566','555-555-6666','505 Rebound Road','H7B3G9','b.king@hoops.com','coach','salaried',25),
(58,'Nicole','Scott','1978-10-03','526-77-8899','NSX52677','555-666-7777','606 Assist Lane','J2R3W3','n.scott@hoops.com','coach','volunteer',26),
(59,'Jason','Green','1980-05-12','527-88-9900','JGX52788','555-777-8888','707 Steal Street','L8C2I9','j.green@hoops.com','coach','salaried',27),
(60,'Melissa','Baker','1982-02-21','528-99-0011','MBX52899','555-888-9999','808 Block Boulevard','A3I3O3','m.baker@hoops.com','coach','volunteer',28),
(61,'Eric','Adams','1977-11-08','529-00-1122','EAX52900','555-999-0000','909 Fastbreak Way','S2U9S6','e.adams@hoops.com','coach','salaried',29),
(62,'Jessica','Nelson','1984-08-15','530-11-2233','JNX53011','555-000-1111','1010 Defense Drive','J2T1F6','j.nelson@hoops.com','coach','volunteer',30);

INSERT INTO personnel_loc_hist (
    employee_id, location_id, start_date, end_date
) VALUES
(16,20,'2022-08-07','2024-10-07'),
(18,2,'2021-09-01','2025-03-21'),
(10,11,'2023-01-17','2024-12-13'),
(18,22,'2023-07-29','2024-08-07'),
(21,9,'2021-08-13','2025-05-18'),
(19,20,'2024-03-25','2024-08-13'),
(26,17,'2023-11-11','2025-04-23'),
(8,10,'2023-08-08','2024-11-18'),
(19,2,'2023-11-04','2024-09-02'),
(18,15,'2022-10-07','2024-10-01'),
(4,3,'2022-09-24','2025-01-11'),
(20,23,'2024-04-03','2024-08-27'),
(14,27,'2020-12-31','2025-06-06'),
(20,3,'2022-08-20','2024-12-01'),
(15,30,'2024-02-01','2024-08-26'),
(12,19,'2023-02-24','2025-02-19'),
(18,15,'2023-01-25','2024-11-27'),
(4,15,'2021-02-27','2025-01-23'),
(9,2,'2022-08-18','2025-01-03'),
(22,10,'2022-06-07','2024-10-06'),
(10,12,'2024-07-11','2025-03-13'),
(23,27,'2022-08-11','2024-09-23'),
(22,28,'2022-04-14','2025-05-25'),
(17,2,'2020-11-17','2024-08-24'),
(29,13,'2023-03-19','2024-08-22'),
(29,8,'2021-03-07','2024-11-20'),
(24,14,'2023-03-01','2025-04-08'),
(21,2,'2022-04-09','2025-04-22'),
(4,17,'2020-11-05','2024-10-29'),
(30,3,'2022-10-16','2024-09-03');

INSERT INTO family_members (
    fm_id, first_name, last_name, date_of_birth, ssn, medicare_num, phone, address, postal_code, email, location_id, relationship
) VALUES
(1,'Beth','Melton','1992-08-26','894-23-6257','Dyr09384','247.991.3648','824 Joshua Run Apt. 747','Y3V8T2','david89@hotmail.com',6,'grandfather'),
(2,'Isaiah','Wood','1976-04-29','012-54-7392','zlx14782','336-560-9377','99172 Smith Park Apt. 671','L3D2X3','steven72@hotmail.com',4,'father'),
(3,'Elizabeth','Collins','1977-06-10','809-24-5953','sqM74705','809-421-8922x4289','184 Sandra Pines','A9M3V8','anthonygentry@hotmail.com',1,'mother'),
(4,'Tina','Cowan','1976-08-23','565-89-2867','MfR95363','(046)075-8097x382','9913 Lynch Track Apt. 901','G8M9D2','mlyons@tran-morris.com',13,'other'),
(5,'Mark','Cannon','1965-10-02','302-75-6359','tIw62993','611.349.6825','77474 Kim Rest Apt. 544','P2N4B3','leslie02@hotmail.com',24,'father'),
(6,'Jessica','Lewis','1991-11-18','571-24-1766','THZ84897','+1-145-613-9339','834 Brown Flat Apt. 706','B2B5A4','amandagrant@yahoo.com',24,'partner'),
(7,'Amber','Dixon','1984-12-24','863-97-0520','gCr44696','+1-491-451-2678x6677','5145 Juan Brooks Suite 320','T1Q7E7','fwilliams@flores-brock.com',28,'mother'),
(8,'Jessica','Klein','1987-06-03','525-87-9381','bSu03822','818-699-2792x3023','194 Kristopher Drive Apt. 684','L9Z4U8','sarah44@gibson-romero.org',4,'partner'),
(9,'Caitlyn','Rodriguez','1973-03-24','341-60-7627','owl34217','769-800-1065x04701','7971 Michael Drive','N7O7C1','kaitlyndiaz@gmail.com',21,'friend'),
(10,'Keith','Marshall','1969-05-16','508-86-6552','kvn09891','001-973-041-5758','222 Adams Streets Suite 780','N6L5K4','gabrielcole@baker.com',26,'grandfather'),
(11,'Alexandra','Riley','1967-12-21','353-12-5641','YWj86298','001-306-671-8800','8355 Allison Lake Apt. 458','H7Q5B3','khays@thompson-lewis.com',10,'mother'),
(12,'Lisa','Rice','1973-09-23','033-86-4477','bYn53334','001-123-307-545512','38569 Steven Corners','X8D1L3','whitakermichael@hotmail.com',24,'other'),
(13,'Stephen','Flores','1981-07-13','201-21-4829','tbL28871','394.847.0992x44837','479 Lee Coves','M6A9G3','thomas14@gmail.com',6,'other'),
(14,'Chad','Nguyen','1973-02-21','195-74-4219','GES68378','054.980.1895','2306 Allen Forge','V4C5D5','haley39@mclaughlin.net',16,'friend'),
(15,'Robert','Cardenas','1985-08-02','068-86-6958','KmV74711','887.347.0497','6147 Felicia Isle','M8P2N3','qayala@white.org',21,'grandmother'),
(16,'Annette','Roth','1980-05-18','632-59-1655','EhM81314','+1-164-682-7673x8797','8419 Todd Points','L7B5R2','jonesamber@gmail.com',5,'friend'),
(17,'Robert','Miller','1972-10-23','187-45-1258','uwH19788','001-335-475-1405x482','33659 Emily Neck','B3C7W1','juliegraves@wells.com',28,'mother'),
(18,'James','Gray','1968-10-09','318-16-8790','Xwo16934','988-510-2543','56306 May Mill Apt. 014','X3O5Z7','stephaniegardner@hotmail.com',19,'grandfather'),
(19,'Eric','Garcia','1975-10-06','705-78-4699','Eaz96438','635-897-1680x437','9063 Ryan Wells Suite 780','T8B1G1','eguerrero@gmail.com',13,'father'),
(20,'Jennifer','Meadows','1994-07-01','029-66-9050','UDJ04023','+1-013-477-0976','7623 Schultz Wall Suite 746','G5F3B7','brandiphillips@soto.com',30,'grandmother'),
(21,'Joshua','Morrow','1980-05-06','028-70-5068','DLB29545','(717)492-3774x1489','78180 Martinez Centers Apt. 501','A3T6K7','floydrandall@gmail.com',24,'mother'),
(22,'Brenda','Rodriguez','1991-06-11','459-05-7435','OWy28305','(309)121-4035x096','3657 Zamora Lodge Apt. 619','A8C1Q8','vsanders@yahoo.com',13,'friend'),
(23,'Karen','Smith','1988-01-14','518-98-8774','Mck29664','700-029-4335','1839 Xavier Brooks Apt. 697','N1Q7I4','justinroberts@foster.net',23,'grandmother'),
(24,'Johnathan','Owens','1970-11-29','767-37-5761','KOF74096','+1-926-431-0045x284','3066 Maldonado Flats Suite 802','S4J8J7','gjohnston@yahoo.com',19,'partner'),
(25,'Manuel','Sweeney','1994-04-24','461-87-9130','XuO50352','001-650-460-1798','54111 Hernandez Pine Apt. 711','T9D1I2','rodney85@watson.info',30,'partner'),
(26,'Ebony','Gardner','1970-12-19','220-31-8108','DSd78555','(863)829-8021','750 Horn Crescent Apt. 870','M7J4O2','andersonregina@delgado.com',20,'father'),
(27,'Sarah','Meyer','1988-10-22','291-53-8358','tLm05467','+1-648-293-8983','8077 Donna Walks','R8X8G1','michael68@hotmail.com',7,'partner'),
(28,'Christopher','Stewart','1987-01-04','065-70-8664','yKa47206','288.039.6057','107 David Fork','C6T2V9','eric72@fields.com',24,'other'),
(29,'Jaclyn','Davis','1982-05-25','281-02-3756','WCi93443','748-115-0435x4950','033 Walter Mission','H6Q4E4','derek80@yahoo.com',3,'partner'),
(30,'Anthony','Mosley','1970-02-18','862-84-5384','xMV50313','205.883.9774','0541 Mitchell Spurs Suite 775','J2C1Y3','tammy43@vargas.com',25,'other');



INSERT INTO club_members (
    first_name, last_name, age, is_minor, date_of_birth, height, weight, 
    ssn, medicare_num, phone, address, postal_code, gender, location_id, fm_id
) VALUES
('Charles','Sullivan',24,0,'2001-07-28',180.16,42.4,'212-63-9750','HKI89498','(928)453-3744x4842','4718 Ortiz Gateway','P2R8R7','M',14,NULL),
('Tanner','Shaw',25,0,'1999-05-29',186.37,54.42,'703-39-9103','bJb29535','717.557.7204','09405 Pruitt Tunnel','K4K6X4','M',2,NULL),
('Lisa','Buckley',17,1,'2000-10-04',190.85,73.31,'078-58-9967','bao91220','+1-546-200-8014x6325','29112 Brandon Valleys','C5I3B7','F',20,26),
('Melinda','Mcmillan',30,0,'2010-09-10',188.24,99.4,'760-58-5598','ktX36596','+1-191-548-001x86','06062 Kelley Causeway Suite 897','R5N5A3','F',5,NULL),
('Vincent','Peters',17,1,'1999-06-28',150.38,79.56,'494-83-8209','kdI94518','426-373-5040x161','715 Chris Springs Suite 239','R8J9R6','M',21,9),
('Julie','Stephenson',28,0,'2004-02-25',198.66,115.11,'329-80-5404','vzk36749','334-147-2308','253 Lang Lodge Suite 049','Y3P9Y5','F',29,NULL),
('Christopher','Pacheco',17,1,'2002-04-04',150.49,60.36,'458-01-6131','GDm26664','8935929230','24030 Smith Pine','C8N6H4','M',19,18),
('Nicholas','Mcclure',31,0,'1992-07-18',193.05,112.61,'289-44-5998','nNJ46653','770.765.0008x623','91067 Mary Forges','M2I1M7','M',16,NULL),
('Christopher','Hogan',30,0,'2008-05-29',146.03,115.83,'674-77-8133','VuG47396','158.725.4331x0229','2736 Hill Ports','P1A3N3','M',22,NULL),
('Elizabeth','Mcgee',28,0,'1993-08-26',158.23,89.25,'769-60-1311','Nrx15542','976-127-3814x154','3398 Fields Fords','M9C1T2','F',19,NULL),
('Reginald','Stein',30,0,'2012-09-15',162.68,99.73,'819-40-6984','eJY68914','001-460-396-3524x794','934 Lynn Prairie Apt. 665','B5I7R4','M',18,NULL),
('Christy','Miller',35,0,'1986-04-14',148.55,113.41,'771-91-5408','FFf79157','275.676.6361x939','445 Baldwin Roads Suite 608','H9M6A9','F',19,NULL),
('Carl','Chen',16,1,'1991-12-04',177.74,86.77,'023-33-1991','QdG54903','482.795.1784','4894 Glover Mews','P5L3C7','M',19,18),
('Steven','Castro',17,1,'2008-01-01',165.65,47.35,'014-67-0927','KUl67322','001-925-169-1x4750','44250 Donald Union','B7H6I1','M',10,11),
('Jenna','Munoz',39,0,'2004-04-13',189.43,95.05,'159-58-7161','bFp39137','586-670-4720','886 West Field Apt. 648','S7T4Q8','F',20,NULL),
('Robert','Schmidt',38,0,'1991-12-23',177.47,40.64,'247-92-8179','Rfv92972','4031178053','243 Kayla Forks Suite 908','M5Y6C1','M',1,NULL),
('Brian','Butler',26,0,'1997-05-11',141.45,50.91,'164-92-3422','RPl82126','285-657-0775','45357 Eugene Shores','M6M4D8','M',18,NULL),
('Audrey','Curtis',31,0,'1998-05-04',161.34,95.83,'375-27-3265','VvB20622','-3333','305 Albert Throughway','X8N2G9','F',24,12),
('Jessica','Richardson',33,0,'1988-06-15',191.15,92.17,'357-44-6352','Vip32196','001-190-018-71324','5458 Carroll Squares','R8B7L1','F',6,13),
('Christopher','Jenkins',32,0,'2003-05-12',183.16,49.65,'657-18-5959','Krc60742','180-339-7679','0937 Mckay Fork Apt. 925','L6I2A2','M',23,NULL),
('Anna','Bates',16,1,'2000-06-12',158.03,75.95,'673-52-4682','cAD96792','166.450.4881','01259 Stephanie Tunnel','K6N4P6','F',4,8),
('Nicholas','Hester',39,0,'1995-03-08',158.39,46.04,'569-07-6965','Irr19248','3032534081','429 Salazar Loop','P9I3I8','M',23,NULL),
('Brett','Porter',17,1,'1994-06-28',152.23,48.05,'359-25-7562','aFm10495','+1-107-290-87786','65894 Judith Mountain','J4L6I2','M',24,6),
('Michelle','Stanley',16,1,'1996-01-18',161.3,72.11,'532-19-1924','iXZ59968','001-692-536-6895','6911 Little Port Suite 928','T1R1B3','F',13,19),
('Daniel','Green',36,0,'1989-08-13',186.47,62.72,'648-35-0030','NjR20247','6095133948','2149 Christopher Well','H7A2I4','M',25,NULL),
('Rhonda','Freeman',29,0,'1996-03-09',153.66,98.6,'400-30-3417','URJ60690','001-135-428-90217','49882 Joshua Village Apt. 390','B3V3I5','F',15,NULL),
('Brian','Leblanc',20,0,'2012-09-09',189.35,104.88,'876-66-7425','TpE09333','714-886-8048','708 Zachary Mountains','B1Y1J7','M',28,NULL),
('Lauren','Green',23,0,'2004-11-25',169.23,57.15,'042-21-2023','VtY58561','113-217-4647x942','71447 Joseph Centers','M8Q3Z4','F',7,NULL),
('Susan','Williams',40,0,'2000-05-08',165.2,48.5,'425-39-5287','XON24882','(295)394-3666','096 Brian Via','E6W3O3','F',13,NULL),
('Sherry','Reyes',35,0,'2006-04-04',198.18,109.42,'513-78-2950','Wad57403','356-222-7637','012 Mcdaniel Bypass','S2K9U7','F',17,NULL),
('Robert','Schmidt',12,1,'2011-07-12',145.2,42.5,'001-23-4567','RSM00123','555-100-1001','824 Joshua Run','Y3V8T2','M',6,1),
('Emily','Wood',14,1,'2009-03-15',152.3,46.8,'002-34-5678','EMW00234','555-200-2002','99172 Smith Park','L3D2X3','F',4,2),
('Daniel','Collins',13,1,'2010-05-20',148.7,45.2,'003-45-6789','DAC00345','555-300-3003','184 Sandra Pines','A9M3V8','M',1,3),
('Sophia','Cowan',15,1,'2008-08-08',158.4,52.1,'004-56-7890','SCC00456','555-400-4004','9913 Lynch Track','G8M9D2','F',13,4),
('Liam','Cannon',11,1,'2012-01-30',142.5,41.3,'005-67-8901','LIC00567','555-500-5005','77474 Kim Rest','P2N4B3','M',24,5),
('Brett','Porter',17,1,'2006-04-18',165.8,58.7,'006-78-9012','BRP00678','555-600-6006','834 Brown Flat','B2B5A4','M',24,6),
('Charlotte','Dixon',14,1,'2009-06-22',153.1,47.9,'007-89-0123','CHD00789','555-700-7007','5145 Juan Brooks','T1Q7E7','F',28,7),
('Anna','Bates',13,1,'2010-07-07',149.5,46.3,'008-90-1234','ANB00890','555-800-8008','194 Kristopher Drive','L9Z4U8','F',4,8),
('Vincent','Peters',17,1,'2006-02-14',164.2,59.8,'009-01-2345','VNP00901','555-900-9009','7971 Michael Drive','N7O7C1','M',21,9),
('Olivia','Marshall',12,1,'2011-04-05',146.8,43.7,'010-12-3456','OLM01012','555-010-1010','222 Adams Streets','N6L5K4','F',26,10),
('Steven','Castro',17,1,'2006-05-30',163.5,57.2,'011-23-4567','STC01123','555-110-1111','8355 Allison Lake','H7Q5B3','M',10,11),
('Audrey','Curtis',16,1,'2007-08-12',156.3,51.4,'012-34-5678','AUC01234','555-120-1212','38569 Steven Corners','X8D1L3','F',24,12),
('Jessica','Richardson',15,1,'2008-09-25',157.9,53.6,'013-45-6789','JER01345','555-130-1313','479 Lee Coves','M6A9G3','F',6,13),
('Michael','Nguyen',14,1,'2009-10-18',154.1,49.8,'014-56-7890','MIN01456','555-140-1414','2306 Allen Forge','V4C5D5','M',16,14),
('Emma','Cardenas',13,1,'2010-11-11',150.6,47.2,'015-67-8901','EMC01567','555-150-1515','6147 Felicia Isle','M8P2N3','F',21,15),
('Noah','Roth',12,1,'2011-12-24',147.3,45.1,'016-78-9012','NOR01678','555-160-1616','8419 Todd Points','L7B5R2','M',5,16),
('Ava','Miller',15,1,'2008-01-07',158.7,54.3,'017-89-0123','AVM01789','555-170-1717','33659 Emily Neck','B3C7W1','F',28,17),
('Carl','Chen',15,1,'2008-02-19',157.4,52.8,'018-90-1234','CAC01890','555-180-1818','56306 May Mill','X3O5Z7','M',19,18),
('Michelle','Stanley',16,1,'2007-03-22',159.2,55.1,'019-01-2345','MIS01901','555-190-1919','9063 Ryan Wells','T8B1G1','F',13,19),
('Ethan','Garcia',11,1,'2012-04-14',143.6,42.9,'020-12-3456','ETG02012','555-200-2020','7623 Schultz Wall','G5F3B7','M',30,20),
('Mia','Morrow',14,1,'2009-05-06',153.9,50.5,'021-23-4567','MIM02123','555-210-2121','78180 Martinez Centers','A3T6K7','F',24,21),
('James','Rodriguez',13,1,'2010-06-28',151.2,48.7,'022-34-5678','JAR02234','555-220-2222','3657 Zamora Lodge','A8C1Q8','M',13,22),
('Isabella','Smith',12,1,'2011-07-09',148.5,46.3,'023-45-6789','ISS02345','555-230-2323','1839 Xavier Brooks','N1Q7I4','F',23,23),
('Logan','Owens',15,1,'2008-08-11',160.1,56.4,'024-56-7890','LOO02456','555-240-2424','3066 Maldonado Flats','S4J8J7','M',19,24),
('Harper','Sweeney',14,1,'2009-09-13',155.7,53.2,'025-67-8901','HAS02567','555-250-2525','54111 Hernandez Pine','T9D1I2','F',30,25),
('Lisa','Buckley',13,1,'2010-10-15',152.4,49.6,'026-78-9012','LIB02678','555-260-2626','750 Horn Crescent','M7J4O2','F',20,26),
('Christopher','Pacheco',17,1,'2006-11-17',164.9,60.3,'027-89-0123','CHP02789','555-270-2727','8077 Donna Walks','R8X8G1','M',7,27),
('Amelia','Stewart',12,1,'2011-12-19',146.2,44.8,'028-90-1234','AMS02890','555-280-2828','107 David Fork','C6T2V9','F',24,28),
('Benjamin','Davis',15,1,'2008-01-21',159.8,57.1,'029-01-2345','BED02901','555-290-2929','033 Walter Mission','H6Q4E4','M',3,29),
('Charlotte','Mosley',14,1,'2009-02-23',154.6,51.9,'030-12-3456','CHM03012','555-300-3030','0541 Mitchell Spurs','J2C1Y3','F',25,30);

INSERT INTO hobbies (cm_id, hobby) VALUES
(1, 'swimming'),
(1, 'basketball'),
(1, 'running'),
(2, 'dancing'),
(2, 'singing'),
(3, 'dancing'),
(3, 'running'),
(5, 'soccer'),
(5, 'painting'),
(5, 'running'),
(5, 'cycling'),
(6, 'dancing'),
(7, 'basketball'),
(7, 'soccer'),
(7, 'cycling'),
(8, 'singing'),
(9, 'soccer'),
(12, 'painting'),
(12, 'cycling'),
(13, 'reading'),
(13, 'chess'),
(13, 'cycling'),
(13, 'dancing'),
(14, 'soccer');

INSERT INTO payments (cm_id, memb_year, payment_date, amount, method) VALUES
(19, 2022, '2021-10-08', 118.26, 'credit'),
(21, 2023, '2022-03-18', 155.83, 'debit'),
(29, 2023, '2023-09-16', 89.49, 'debit'),
(8, 2024, '2023-03-22', 138.52, 'credit'),
(18, 2023, '2022-08-06', 189.86, 'debit'),
(19, 2024, '2023-04-17', 189.59, 'cash'),
(12, 2023, '2022-07-26', 90.91, 'credit'),
(16, 2023, '2022-03-25', 128.69, 'cash'),
(28, 2023, '2022-12-24', 177.85, 'credit'),
(20, 2024, '2023-04-30', 36.56, 'credit'),
(26, 2023, '2022-12-27', 198.63, 'credit'),
(20, 2023, '2022-08-23', 73.04, 'credit'),
(11, 2023, '2022-03-15', 174.02, 'debit'),
(28, 2024, '2023-04-08', 172.27, 'debit'),
(13, 2022, '2021-08-16', 181.24, 'cash'),
(6, 2023, '2022-01-12', 180.77, 'credit'),
(27, 2023, '2023-12-28', 148.88, 'cash'),
(1, 2024, '2023-02-03', 28.96, 'credit'),
(21, 2023, '2022-09-04', 131.38, 'cash'),
(13, 2022, '2021-11-16', 126.13, 'debit'),
(15, 2023, '2022-02-10', 123.74, 'cash'),
(28, 2022, '2021-12-19', 80.17, 'cash'),
(19, 2022, '2021-09-12', 177.94, 'credit'),
(4, 2023, '2022-01-18', 177.26, 'cash'),
(15, 2022, '2021-09-16', 39.47, 'cash'),
(29, 2024, '2023-06-18', 90.23, 'debit'),
(26, 2024, '2023-04-27', 190.48, 'credit'),
(4, 2022, '2021-10-24', 102.24, 'credit'),
(28, 2024, '2023-06-20', 50.00, 'credit'),
(27, 2023, '2022-08-04', 189.77, 'debit'),
(7, 2023, '2022-07-13', 75.44, 'cash'),
(23, 2024, '2023-01-26', 179.00, 'debit'),
(20, 2023, '2022-04-26', 148.78, 'cash'),
(30, 2024, '2023-02-10', 187.08, 'debit'),
(26, 2023, '2022-09-03', 42.76, 'debit'),
(10, 2023, '2022-07-06', 80.23, 'debit'),
(2, 2023, '2022-12-26', 54.12, 'credit'),
(4, 2023, '2022-06-11', 140.79, 'credit'),
(14, 2023, '2022-04-08', 43.62, 'credit'),
(28, 2023, '2023-04-03', 165.58, 'credit'),
(2, 2023, '2023-07-07', 121.48, 'debit'),
(14, 2023, '2022-11-08', 112.69, 'cash'),
(3, 2022, '2021-07-26', 110.15, 'credit'),
(24, 2023, '2022-07-26', 38.56, 'debit'),
(8, 2023, '2022-05-18', 197.60, 'debit'),
(17, 2023, '2021-03-21', 105.19, 'credit'),
(22, 2022, '2021-12-21', 112.94, 'debit'),
(29, 2024, '2023-02-15', 29.74, 'cash'),
(21, 2023, '2022-09-29', 156.20, 'cash'),
(5, 2022, '2021-12-14', 157.77, 'credit'),
(16, 2024, '2023-06-18', 122.78, 'credit'),
(15, 2022, '2021-10-20', 28.81, 'cash'),
(13, 2023, '2023-03-11', 173.83, 'cash'),
(10, 2023, '2022-04-28', 119.57, 'cash'),
(1, 2024, '2023-05-02', 156.54, 'cash'),
(16, 2023, '2022-12-16', 34.32, 'credit'),
(30, 2023, '2022-11-03', 70.54, 'debit'),
(25, 2022, '2021-07-28', 44.80, 'debit'),
(14, 2022, '2021-12-05', 137.52, 'debit'),
(16, 2023, '2022-09-13', 89.31, 'credit'),
(1, 2022, '2021-08-15', 37.84, 'debit'),
(27, 2023, '2022-10-10', 78.50, 'debit'),
(19, 2022, '2021-11-07', 197.34, 'credit'),
(9, 2022, '2022-11-14', 31.37, 'cash'),
(14, 2023, '2022-10-03', 139.91, 'credit'),
(29, 2022, '2021-08-20', 83.96, 'debit'),
(5, 2022, '2021-12-01', 119.80, 'debit'),
(4, 2023, '2022-12-12', 133.60, 'cash'),
(16, 2024, '2023-03-06', 150.40, 'credit'),
(28, 2024, '2023-02-03', 172.64, 'debit'),
(25, 2024, '2024-02-15', 109.23, 'credit'),
(6, 2023, '2022-11-27', 174.81, 'credit'),
(22, 2023, '2022-10-14', 81.47, 'credit'),
(6, 2023, '2022-08-27', 114.25, 'cash'),
(2, 2024, '2023-06-07', 144.74, 'credit'),
(11, 2023, '2023-01-01', 158.19, 'cash'),
(5, 2024, '2023-07-11', 34.93, 'credit'),
(28, 2023, '2022-04-16', 143.27, 'credit'),
(4, 2023, '2022-04-08', 137.48, 'cash'),
(16, 2023, '2022-07-24', 86.66, 'debit');


INSERT INTO sec_fam_members (sfm_id, fm_id, first_name, last_name, phone, relationship) VALUES
(1, 1, 'Robert', 'Melton', '555-123-4567', 'grandfather'),
(2, 2, 'Sarah', 'Wood', '555-234-5678', 'mother'),
(3, 3, 'Michael', 'Collins', '555-345-6789', 'father'),
(4, 4, 'David', 'Cowan', '555-456-7890', 'partner'),
(5, 5, 'Richard', 'Cannon', '555-567-8901', 'father'),
(6, 6, 'Thomas', 'Lewis', '555-678-9012', 'partner'),
(7, 7, 'Daniel', 'Dixon', '555-789-0123', 'father'),
(8, 8, 'Matthew', 'Klein', '555-890-1234', 'partner'),
(9, 9, 'Andrew', 'Rodriguez', '555-901-2345', 'father'),
(10, 10, 'Joshua', 'Marshall', '555-012-3456', 'grandfather'),
(11, 11, 'Kevin', 'Riley', '555-123-4567', 'father'),
(12, 12, 'Brian', 'Rice', '555-234-5678', 'partner'),
(13, 13, 'George', 'Flores', '555-345-6789', 'father'),
(14, 14, 'Edward', 'Nguyen', '555-456-7890', 'grandfather'),
(15, 15, 'Ronald', 'Cardenas', '555-567-8901', 'father'),
(16, 16, 'Steven', 'Roth', '555-678-9012', 'friend'),
(17, 17, 'Robert', 'Miller', '555-789-0123', 'father'),
(18, 18, 'James', 'Gray', '555-890-1234', 'grandfather'),
(19, 19, 'Eric', 'Garcia', '555-901-2345', 'father'),
(20, 20, 'Jennifer', 'Meadows', '555-012-3456', 'grandmother'),
(21, 21, 'Joshua', 'Morrow', '555-123-4567', 'father'),
(22, 22, 'Brenda', 'Rodriguez', '555-234-5678', 'friend'),
(23, 23, 'Karen', 'Smith', '555-345-6789', 'grandmother'),
(24, 24, 'Johnathan', 'Owens', '555-456-7890', 'partner'),
(25, 25, 'Manuel', 'Sweeney', '555-567-8901', 'partner'),
(26, 26, 'Ebony', 'Gardner', '555-678-9012', 'father'),
(27, 27, 'Sarah', 'Meyer', '555-789-0123', 'partner'),
(28, 28, 'Christopher', 'Stewart', '555-890-1234', 'other'),
(29, 29, 'Jaclyn', 'Davis', '555-901-2345', 'partner'),
(30, 30, 'Anthony', 'Mosley', '555-012-3456', 'other');

INSERT INTO family_club_relations (cm_id,fm_id,sfm_id) VALUES
(3,26,26),
(5,9,9),
(7,18,18),
(13,18,18),
(14,11,11),
(18,12,12),
(19,13,13),
(21,8,8),
(23,6,6),
(24,19,19),
(31,1,1),
(32,2,2),
(33,3,3),
(34,4,4),
(35,5,5),
(36,6,6),
(37,7,7),
(38,8,8),
(39,9,9),
(40,10,10),
(41,11,11),
(42,12,12),
(43,13,13),
(44,14,14),
(45,15,15),
(46,16,16),
(47,17,17),
(48,18,18),
(49,19,19),
(50,20,20),
(51,21,21),
(52,22,22),
(53,23,23),
(54,24,24),
(55,25,25),
(56,26,26),
(57,27,27),
(58,28,28),
(59,29,29),
(60,30,30);

INSERT INTO sessions (session_id, type, date, time, location_id) VALUES
(1, 'train', '2023-09-05', '18:00', 1),
(2, 'game', '2023-09-09', '15:30', 2),
(3, 'train', '2023-09-12', '17:30', 3),
(4, 'train', '2023-09-15', '18:00', 4),
(5, 'game', '2023-09-19', '19:00', 5),
(6, 'train', '2023-09-22', '17:00', 6),
(7, 'game', '2023-09-26', '20:00', 7),
(8, 'train', '2023-09-29', '18:30', 8),
(9, 'game', '2023-10-03', '19:30', 9),
(10, 'train', '2023-10-07', '09:00', 10);

INSERT INTO teams (team_id, name, score, coach_id, location_id, session_id) VALUES
(1, 'Thunder', 85, 18, 1, 1),
(2, 'Raptors', 92, 19, 2, 1),
(3, 'Wolves', 78, 29, 3, 2),
(4, 'Tigers', 88, 32, 4, 2),
(5, 'Eagles', 95, 33, 5, 3),
(6, 'Hawks', 81, 34, 6, 3),
(7, 'Panthers', 89, 35, 7, 4),
(8, 'Lions', 76, 36, 8, 4),
(9, 'Sharks', 93, 37, 9, 5),
(10, 'Bulls', 84, 38, 10, 5),
(11, 'Bears', 90, 39, 11, 6),
(12, 'Dragons', 79, 40, 12, 6),
(13, 'Knights', 87, 41, 13, 7),
(14, 'Giants', 94, 42, 14, 7),
(15, 'Titans', 82, 43, 15, 8),
(16, 'Warriors', 91, 44, 16, 8),
(17, 'Spartans', 77, 45, 17, 9),
(18, 'Vikings', 96, 46, 18, 9),
(19, 'Raiders', 83, 47, 19, 10),
(20, 'Kings', 97, 48, 20, 10);

INSERT INTO team_players (cm_id, team_id, role) VALUES
(1, 1, 'goalkeeper'),
(2, 1, 'defender'),
(5, 1, 'midfielder'),
(7, 1, 'forward'),
(8, 2, 'goalkeeper'),
(9, 2, 'defender'),
(11, 2, 'midfielder'),
(13, 2, 'forward'),

(3, 3, 'goalkeeper'),
(4, 3, 'defender'),
(6, 3, 'midfielder'),
(10, 3, 'forward'),
(12, 4, 'goalkeeper'),
(15, 4, 'defender'),
(18, 4, 'midfielder'),
(19, 4, 'forward'),

(16, 5, 'goalkeeper'),
(17, 5, 'defender'),
(22, 5, 'midfielder'),
(23, 5, 'forward'),
(24, 6, 'goalkeeper'),
(27, 6, 'defender'),
(28, 6, 'midfielder'),
(29, 6, 'forward'),

(20, 7, 'goalkeeper'),
(21, 7, 'defender'),
(25, 7, 'midfielder'),
(26, 7, 'forward'),
(30, 8, 'goalkeeper'),
(31, 8, 'defender'),
(32, 8, 'midfielder'),
(33, 8, 'forward'),

(14, 9, 'goalkeeper'),
(34, 9, 'defender'),
(35, 9, 'midfielder'),
(36, 9, 'forward'),
(37, 10, 'goalkeeper'),
(38, 10, 'defender'),
(39, 10, 'midfielder'),
(40, 10, 'forward'),

(41, 11, 'goalkeeper'),
(42, 11, 'defender'),
(43, 11, 'midfielder'),
(44, 11, 'forward'),
(45, 12, 'goalkeeper'),
(46, 12, 'defender'),
(47, 12, 'midfielder'),
(48, 12, 'forward');

INSERT INTO email_log (
    email_id, sender_loc_id, receiver_cm_id, date, subject, body
) VALUES
(1, 1, 1, '2023-01-15', 'Welcome to the Club', 'Dear Charles, welcome to our fitness club! We are excited to have you as a member.'),
(2, 2, 2, '2023-01-16', 'Membership Renewal', 'Hi Tanner, your membership is due for renewal next month. Please visit us to renew.'),
(3, 3, 26, '2023-01-17', 'Parental Consent Required', 'Dear Lisa, we need your guardian to sign the consent form for minor members.'),
(4, 4, 8, '2023-01-18', 'Class Schedule Update', 'Anna, your fitness class schedule has been updated. Check the new timings.'),
(5, 5, 9, '2023-01-19', 'Equipment Maintenance', 'Vincent, the equipment you requested is now available after maintenance.'),
(6, 6, 13, '2023-01-20', 'Membership Benefits', 'Jessica, here are the new benefits available with your premium membership.'),
(7, 7, 27, '2023-01-21', 'Personal Training', 'Christopher, your personal training session has been confirmed for tomorrow.'),
(8, 8, 11, '2023-01-22', 'Facility Upgrade', 'Steven, our facility has been upgraded with new equipment you might like.'),
(9, 9, 18, '2023-01-23', 'Health Check Reminder', 'Carl, your annual health check is scheduled for next week.'),
(10, 10, 14, '2023-01-24', 'Swimming Pool Hours', 'Audrey, the swimming pool hours have been extended on weekends.'),
(11, 11, 16, '2023-01-25', 'Nutrition Workshop', 'Noah, join our nutrition workshop this Saturday for healthy eating tips.'),
(12, 12, 19, '2023-01-26', 'Yoga Class Cancelled', 'Michelle, the yoga class on Friday has been cancelled due to instructor illness.'),
(13, 13, 22, '2023-01-27', 'New Class Offering', 'James, we are introducing a new boxing class that might interest you.'),
(14, 14, 25, '2023-01-28', 'Member Appreciation', 'Harper, thank you for being a valued member of our club for 2 years!'),
(15, 15, 29, '2023-01-29', 'Summer Camp Registration', 'Benjamin, registration for our summer fitness camp is now open.'),
(16, 16, 14, '2023-01-30', 'Account Update', 'Michael, your account information has been successfully updated.'),
(17, 17, 17, '2023-01-31', 'Birthday Special', 'Ava, enjoy a free smoothie on your birthday this month!'),
(18, 18, 24, '2023-02-01', 'Feedback Request', 'Logan, we would appreciate your feedback on our recent improvements.'),
(19, 19, 15, '2023-02-02', 'Equipment Reservation', 'Emma, the treadmill you reserved is available from 4-5pm today.'),
(20, 20, 21, '2023-02-03', 'Special Discount', 'Mia, as a loyal member you get 15% off personal training this month.'),
(21, 21, 9, '2023-02-04', 'Pool Temperature', 'Vincent, the pool temperature has been adjusted to your preferred setting.'),
(22, 22, 23, '2023-02-05', 'New Location Opening', 'Isabella, we are opening a new location near your area next month.'),
(23, 23, 30, '2023-02-06', 'Class Registration', 'Charlotte, registration for the advanced pilates class is now open.'),
(24, 24, 12, '2023-02-07', 'Medical Form Update', 'Audrey, please update your medical information form at the front desk.'),
(25, 25, 10, '2023-02-08', 'Locker Renew', 'Olivia, your locker rental is expiring soon. Would you like to renew?'),
(26, 26, 28, '2023-02-09', 'Kids Lesson', 'Amelia, the kids swimming lessons start next week as scheduled.'),
(27, 27, 5, '2023-02-10', 'Water Bottle', 'Liam, we found your water bottle in the gym. Please collect it.'),
(28, 28, 7, '2023-02-11', 'Trainer', 'Charlotte, your personal trainer has rescheduled your session.'),
(29, 29, 20, '2023-02-12', 'Maintenance', 'Ethan, the basketball court will be closed for maintenance tomorrow.'),
(30, 30, 25, '2023-02-13', 'Congratulations', 'Harper, congratulations on completing 100 classes with us!');